,t,el,wx,wy,hs,Tp,wavedir,t_sec,t_hr
0,0.25,0.17998440000000002,-0.066344,-0.30909,0.00071987664,0.0,64.3083901926068,0.0,0.0
1,0.5,0.17992648800000002,-0.21774,-0.62246,0.00089848944,0.0,66.19839019260678,900.0,0.25
2,0.75,0.17982895200000001,-0.44402,-0.92359,0.00105622344,0.0,72.3883901926068,1800.0,0.5
3,1.0,0.17968569600000003,-0.73048,-1.2022,0.00121651776,0.0,79.3383901926068,2700.0,0.75
4,1.25,0.179548536,-1.0031,-1.3451,0.0012836956800000002,0.0,85.65839019260679,3600.0,1.0
5,1.5,0.17949976800000003,-1.2948,-1.4088,0.00122325384,0.0,91.8983901926068,4500.0,1.25
6,1.75,0.17955158400000001,-1.5906,-1.3912,0.0011273028,0.0,98.3883901926068,5400.0,1.5
7,2.0,0.179777136,-1.8731,-1.2967,0.00102894384,0.0,105.43839019260679,6300.0,1.75
8,2.25,0.18019166400000003,-2.048,-1.2326,0.0009357664800000001,0.0,111.94839019260681,7200.0,2.0
9,2.5,0.18080126400000002,-2.1978,-1.1241,0.00084182712,0.0,117.52839019260679,8100.0,2.25
10,2.75,0.18161508,-2.319,-0.97659,0.00075081384,0.0,122.7983901926068,9000.0,2.5
11,3.0,0.18260568,-2.4083,-0.79677,0.00066574416,0.0,128.0783901926068,9900.0,2.75
12,3.25,0.1838706,-2.7706,-0.55439,0.0006455054400000001,0.0,133.1183901926068,10800.0,3.0
13,3.5,0.185467752,-3.102,-0.27648,0.0007312761600000001,0.0,137.8683901926068,11700.0,3.25
14,3.75,0.18757392,-3.4017,0.02109,0.0008852916000000001,0.0,142.7083901926068,12600.0,3.5
15,4.0,0.19024092,-3.6726,0.32694,0.00109645704,0.0,147.2583901926068,13500.0,3.75
16,4.25,0.19331635200000002,-3.9923,0.61354,0.0013996720800000001,0.0,150.9983901926068,14400.0,4.0
17,4.5,0.196327776,-4.2961,0.90762,0.0018491606400000001,0.0,153.9683901926068,15300.0,4.25
18,4.75,0.19884237600000002,-4.5855,1.2054,0.00248939304,0.0,156.8783901926068,16200.0,4.5
19,5.0,0.201573384,-4.8623,1.5045,0.0033558480000000003,0.0,161.0283901926068,17100.0,4.75
20,5.25,0.20519745600000003,-4.9408,1.725,0.0043994832,0.0,168.4283901926068,18000.0,5.0
21,5.5,0.208233264,-5.0066,1.9455,0.005554980000000001,0.0,178.2483901926068,18900.0,5.25
22,5.75,0.20961096,-5.0609,2.165,0.0068296536,0.0,182.5083901926068,19800.0,5.5
23,6.0,0.210299808,-5.1049,2.3828,0.0083250024,0.0,181.5883901926068,20700.0,5.75
24,6.25,0.210763104,-5.0332,2.4933,0.0100913184,0.0,180.9083901926068,21600.0,6.0
25,6.5,0.21155558400000002,-4.9532,2.6026,0.0125294136,0.0,181.7083901926068,22500.0,6.25
26,6.75,0.21289975200000003,-4.8658,2.7103,0.0162723576,0.0,183.9583901926068,23400.0,6.5
27,7.0,0.21197925600000003,-4.7715,2.8163,0.021395436,0.0,186.0983901926068,24300.0,6.75
28,7.25,0.207425544,-4.7996,2.603,0.0276685248,0.0,187.7083901926068,25200.0,7.0
29,7.5,0.196867272,-4.82,2.3846,0.03432048,0.77692,189.3083901926068,26100.0,7.25
30,7.75,0.180575712,-4.8325,2.1626,0.040285416000000004,0.84117,192.6683901926068,27000.0,7.5
31,8.0,0.161175192,-4.8366,1.9375,0.045290232,0.89716,195.6083901926068,27900.0,7.75
32,8.25,0.137915904,-5.2348,1.739,0.048688752,0.91976,198.0783901926068,28800.0,8.0
33,8.5,0.11099292,-5.6165,1.5366,0.050203608000000004,0.99425,200.2683901926068,29700.0,8.25
34,8.75,0.08154924000000001,-5.9837,1.3328,0.051157632,1.0288,201.75839019260678,30600.0,8.5
35,9.0,0.053178456,-6.3386,1.1299,0.05175504,1.0501,202.1483901926068,31500.0,8.75
36,9.25,0.031824168,-6.3193,1.2765,0.052642008000000004,1.088,202.6483901926068,32400.0,9.0
37,9.5,0.020834604,-6.3005,1.4249,0.054784752000000006,1.1421,203.1183901926068,33300.0,9.25
38,9.75,0.0262018272,-6.2817,1.5752,0.057034176000000006,1.1548,203.2883901926068,34200.0,9.5
39,10.0,0.052672488,-6.2625,1.7272,0.058390536,1.1613,202.9383901926068,35100.0,9.75
40,10.25,0.08950147200000001,-5.7658,1.3897,0.058518552,1.1733,202.63839019260678,36000.0,10.0
41,10.5,0.125022864,-5.2624,1.0485,0.05740908,1.1909,203.3783901926068,36900.0,10.25
42,10.75,0.145627344,-4.7495,0.70366,0.05548884,1.2018,204.6683901926068,37800.0,10.5
43,11.0,0.143326104,-4.223,0.3556,0.052812696000000006,1.2158,206.69839019260678,38700.0,10.75
44,11.25,0.120231408,-4.3408,-0.27232,0.050682144000000005,1.2301,208.0183901926068,39600.0,11.0
45,11.5,0.08202777600000001,-4.387,-0.89005,0.048368712,1.2407,209.19839019260678,40500.0,11.25
46,11.75,0.033994344,-4.3799,-1.4751,0.046347888000000004,1.2508,210.0583901926068,41400.0,11.5
47,12.0,-0.0182334408,-4.3401,-2.0171,0.04458919200000001,1.2602,210.56839019260678,42300.0,11.75
48,12.25,-0.07636764,-4.3412,-2.1234,0.043214544,1.2669,211.00839019260678,43200.0,12.0
49,12.5,-0.136468104,-4.3465,-2.2325,0.042278808,1.2749,211.40839019260682,44100.0,12.25
50,12.75,-0.19496532000000003,-4.3559,-2.3448,0.041849040000000004,1.2845,211.71839019260682,45000.0,12.5
51,13.0,-0.24271224000000002,-4.3693,-2.4602,0.041809415999999995,1.2986,211.94839019260678,45900.0,12.75
52,13.25,-0.271268952,-4.2471,-2.2494,0.042068496000000004,1.3281,212.13839019260678,46800.0,13.0
53,13.5,-0.27659076,-4.1239,-2.0363,0.042419016,1.3552,212.3383901926068,47700.0,13.25
54,13.75,-0.255651,-3.9991,-1.8206,0.042696384000000004,1.3737,212.5583901926068,48600.0,13.5
55,14.0,-0.21039429600000004,-3.8726,-1.6024,0.042915840000000004,1.3874,212.7983901926068,49500.0,13.75
56,14.25,-0.143429736,-4.4164,-0.85094,0.043281599999999996,1.3976,213.13839019260678,50400.0,14.0
57,14.5,-0.05770168800000001,-4.8168,-0.024133,0.04388815200000001,1.4071,213.4883901926068,51300.0,14.25
58,14.75,0.04651248000000001,-5.0844,0.79478,0.044634912,1.4185,213.65839019260682,52200.0,14.5
59,15.0,0.16699992000000002,-5.2577,1.5587,0.045591984,1.4328,213.5883901926068,53100.0,14.75
60,15.25,0.295515792,-5.4934,1.9779,0.047006256,1.4515,213.25839019260678,54000.0,15.0
61,15.5,0.4276344,-5.7269,2.3901,0.049395888000000006,1.4662,212.6183901926068,54900.0,15.25
62,15.75,0.56275224,-5.9598,2.7961,0.053242464,1.4762,211.7383901926068,55800.0,15.5
63,16.0,0.6860133600000001,-6.1928,3.1972,0.058424064,1.483,211.0783901926068,56700.0,15.75
64,16.25,0.7962290399999999,-5.8418,2.8158,0.063026544,1.4878,211.4783901926068,57600.0,16.0
65,16.5,0.8827617600000001,-5.4886,2.4324,0.065376552,1.4839,212.7083901926068,58500.0,16.25
66,16.75,0.9447580800000001,-5.1321,2.0468,0.065797176,1.4701,213.8383901926068,59400.0,16.5
67,17.0,0.9772802400000001,-4.7715,1.6585,0.065291208,1.4676,214.8783901926068,60300.0,16.75
68,17.25,0.977646,-4.729,2.2467,0.06507784800000001,1.4865,215.69839019260678,61200.0,17.0
69,17.5,0.9568891200000001,-4.6375,2.8517,0.06596481600000001,1.5094,216.13839019260678,62100.0,17.25
70,17.75,0.9218980800000001,-4.4981,3.4586,0.067171824,1.5313,216.40839019260682,63000.0,17.5
71,18.0,0.8621877600000001,-4.3165,4.0543,0.06929628,1.551,216.44839019260678,63900.0,17.75
72,18.25,0.80336136,-4.1277,5.835,0.073520808,1.5615,216.40839019260682,64800.0,18.0
73,18.5,0.73237344,-3.8592,7.4596,0.08085734400000001,1.5489,216.44839019260678,65700.0,18.25
74,18.75,0.66955416,-3.5853,8.9773,0.090659712,1.4944,216.7283901926068,66600.0,18.5
75,19.0,0.6016752000000001,-3.3266,10.428,0.10137952800000001,1.3287,217.71839019260682,67500.0,18.75
76,19.25,0.52864512,-3.5535,10.009,0.112663224,1.3822,218.40839019260682,68400.0,19.0
77,19.5,0.45101256,-3.7848,9.6193,0.122383296,1.4203,219.06839019260678,69300.0,19.25
78,19.75,0.36182808000000005,-4.0245,9.2623,0.130457448,1.4632,219.3583901926068,70200.0,19.5
79,20.0,0.25924764,-4.2766,8.9387,0.13711428,1.5072,219.4883901926068,71100.0,19.75
80,20.25,0.148333968,-4.259,8.6332,0.142061184,1.5393,219.50839019260678,72000.0,20.0
81,20.5,0.0303958752,-4.2459,8.335,0.146663664,1.5674,219.3783901926068,72900.0,20.25
82,20.75,-0.08729472,-4.2381,8.0444,0.15017496000000002,1.6093,219.19839019260678,73800.0,20.5
83,21.0,-0.1944624,-4.2365,7.7617,0.15259202400000002,1.641,219.00839019260678,74700.0,20.75
84,21.25,-0.289886136,-5.0094,7.7908,0.15493288800000002,1.6615,218.7283901926068,75600.0,21.0
85,21.5,-0.36475416000000005,-5.7678,7.7813,0.157807152,1.6756,218.2983901926068,76500.0,21.25
86,21.75,-0.41836848000000004,-6.5068,7.7409,0.16094964,1.6879,217.8383901926068,77400.0,21.5
87,22.0,-0.4451604,-7.2243,7.6769,0.16488460800000002,1.7019,217.2683901926068,78300.0,21.75
88,22.25,-0.44653200000000004,-7.8712,7.1693,0.168136824,1.7215,216.9183901926068,79200.0,22.0
89,22.5,-0.43150536,-8.4816,6.61,0.170691048,1.7526,216.65839019260682,80100.0,22.25
90,22.75,-0.39883080000000004,-9.0459,6.0101,0.172538136,1.783,216.4283901926068,81000.0,22.5
91,23.0,-0.35216592,-9.5579,5.3814,0.17395240800000003,1.8026,216.1083901926068,81900.0,22.75
92,23.25,-0.29420820000000003,-9.6837,4.7188,0.174738792,1.8178,215.7983901926068,82800.0,23.0
93,23.5,-0.220391736,-9.7753,4.0367,0.17464430400000003,1.8294,215.6283901926068,83700.0,23.25
94,23.75,-0.13682472,-9.8275,3.3408,0.17446752000000001,1.8393,215.6883901926068,84600.0,23.5
95,24.0,-0.040959024000000004,-9.8361,2.6386,0.17377562400000002,1.8491,216.0583901926068,85500.0,23.75
96,24.25,0.059881008,-9.5338,2.354,0.17274235200000002,1.8614,216.59839019260681,86400.0,24.0
97,24.5,0.161611056,-9.2312,2.0686,0.17097146400000002,1.8758,217.34839019260681,87300.0,24.25
98,24.75,0.25156668000000004,-8.9278,1.782,0.16927372799999998,1.895,218.2483901926068,88200.0,24.5
99,25.0,0.33598104,-8.6238,1.494,0.16785945600000002,1.9276,219.2383901926068,89100.0,24.75
100,25.25,0.41644824,-8.5211,0.76897,0.166612824,1.9602,220.2383901926068,90000.0,25.0
101,25.5,0.48972216,-8.3623,0.030798,0.165436296,1.9845,221.2283901926068,90900.0,25.25
102,25.75,0.5488533600000001,-8.1421,-0.70569,0.164351208,2.0022,222.3283901926068,91800.0,25.5
103,26.0,0.60054744,-7.859,-1.4231,0.16291255200000002,2.0175,223.50839019260678,92700.0,25.75
104,26.25,0.63556896,-8.3671,-1.4374,0.16190671200000004,2.0302,224.4383901926068,93600.0,26.0
105,26.5,0.6650431200000001,-8.886,-1.4537,0.161382456,2.0416,224.94839019260678,94500.0,26.25
106,26.75,0.69439536,-9.4142,-1.4718,0.16187623199999998,2.0537,225.1083901926068,95400.0,26.5
107,27.0,0.7190232000000001,-9.9502,-1.4909,0.163010088,2.0686,224.88839019260678,96300.0,26.75
108,27.25,0.7442606400000001,-10.905,-0.40542,0.16506444,2.089,224.3283901926068,97200.0,27.0
109,27.5,0.76821792,-11.743,0.70475,0.169109136,2.1291,223.0283901926068,98100.0,27.25
110,27.75,0.7847076000000001,-12.486,1.8071,0.174357792,2.1717,221.6783901926068,99000.0,27.5
111,28.0,0.78949296,-13.157,2.8841,0.18061533600000002,2.2018,220.3783901926068,99900.0,27.75
112,28.25,0.7813243200000001,-13.421,3.2247,0.187013088,2.2232,219.3283901926068,100800.0,28.0
113,28.5,0.76358496,-13.701,3.5671,0.193520568,2.2404,218.31839019260678,101700.0,28.25
114,28.75,0.7359091200000001,-13.995,3.912,0.203298552,2.2644,217.3383901926068,102600.0,28.5
115,29.0,0.70055232,-14.303,4.26,0.212753448,2.2988,216.71839019260682,103500.0,28.75
116,29.25,0.65839848,-14.016,3.829,0.22085808,2.3558,216.5883901926068,104400.0,29.0
117,29.5,0.6023457600000001,-13.721,3.3945,0.225241104,2.392,216.7383901926068,105300.0,29.25
118,29.75,0.53656992,-13.419,2.9569,0.228667056,2.4199,217.0183901926068,106200.0,29.5
119,30.0,0.46305216000000005,-13.107,2.5166,0.231547416,2.4419,217.3783901926068,107100.0,29.75
120,30.25,0.38014656,-12.957,1.7752,0.23394314400000002,2.4608,217.7883901926068,108000.0,30.0
121,30.5,0.298609512,-12.776,1.022,0.23598225600000003,2.4799,218.1683901926068,108900.0,30.25
122,30.75,0.210183984,-12.56,0.26222,0.237612936,2.5042,218.5783901926068,109800.0,30.5
123,31.0,0.12094768800000001,-12.305,-0.49801,0.23854562400000004,2.5427,219.0783901926068,110700.0,30.75
124,31.25,0.034052256,-12.433,-0.79492,0.239228376,2.6007,219.5183901926068,111600.0,31.0
125,31.5,-0.044476416,-12.555,-1.0937,0.240191544,2.6473,219.8383901926068,112500.0,31.25
126,31.75,-0.11255654400000001,-12.672,-1.3941,0.24132235200000002,2.6849,220.0183901926068,113400.0,31.5
127,32.0,-0.17176699200000003,-12.783,-1.6955,0.242550696,2.7175,220.13839019260678,114300.0,31.75
128,32.25,-0.220824552,-12.822,-1.6869,0.24373636800000004,2.7492,220.2083901926068,115200.0,32.0
129,32.5,-0.25616916,-12.862,-1.6783,0.24469648800000002,2.7848,220.3583901926068,116100.0,32.25
130,32.75,-0.28240939200000004,-12.903,-1.6697,0.24565660800000003,2.828,220.50839019260678,117000.0,32.5
131,33.0,-0.301078392,-12.947,-1.6614,0.246580152,2.8731,220.7283901926068,117900.0,32.75
132,33.25,-0.30818328000000006,-12.358,-0.70575,0.24754636800000002,2.918,221.1083901926068,118800.0,33.0
133,33.5,-0.30528768,-11.703,0.26417,0.24838456800000003,2.9621,221.7783901926068,119700.0,33.25
134,33.75,-0.299310552,-10.966,1.2322,0.24911913600000002,3.0042,222.7083901926068,120600.0,33.5
135,34.0,-0.285884112,-10.135,2.172,0.249622056,3.0464,223.9583901926068,121500.0,33.75
136,34.25,-0.26820876,-10.208,1.805,0.25015240800000005,3.0872,225.2683901926068,122400.0,34.0
137,34.5,-0.249131328,-10.269,1.4385,0.251667264,3.1211,226.13339019260678,123300.0,34.25
138,34.75,-0.228231192,-10.319,1.0735,0.253538736,3.16,226.8683901926068,124200.0,34.5
139,35.0,-0.19907707200000002,-10.356,0.71134,0.255687576,3.2028,227.4513901926068,125100.0,34.75
140,35.25,-0.165137592,-10.71,-0.20756,0.25784860800000003,3.2465,227.9793901926068,126000.0,35.0
141,35.5,-0.128878584,-10.986,-1.1397,0.26019252000000004,3.2882,228.3273901926068,126900.0,35.25
142,35.75,-0.09496348800000001,-11.19,-2.0663,0.26219200800000003,3.3266,228.6853901926068,127800.0,35.5
143,36.0,-0.059621928000000005,-11.33,-2.9719,0.263770872,3.3614,229.0303901926068,128700.0,35.75
144,36.25,-0.023489412,-11.999,-3.2168,0.26558748,3.3921,229.0793901926068,129600.0,36.0
145,36.5,0.0145014696,-12.67,-3.4612,0.267870432,3.4118,228.7693901926068,130500.0,36.25
146,36.75,0.049152048,-13.342,-3.7055,0.270305784,3.4327,228.20539019260679,131400.0,36.5
147,37.0,0.076434696,-14.014,-3.9495,0.272984976,3.4529,227.3623901926068,132300.0,36.75
148,37.25,0.09895332,-14.531,-3.7638,0.275908008,3.472,226.2413901926068,133200.0,37.0
149,37.5,0.115324128,-15.042,-3.5775,0.27892248000000003,3.4893,224.9183901926068,134100.0,37.25
150,37.75,0.117049296,-15.547,-3.3911,0.282028392,3.5043,223.3783901926068,135000.0,37.5
151,38.0,0.09865156800000001,-16.048,-3.2048,0.285146496,3.5171,221.69839019260678,135900.0,37.75
152,38.25,0.0711708,-16.392,-3.2115,0.2878836,3.5273,220.0583901926068,136800.0,38.0
153,38.5,0.043705271999999996,-16.736,-3.2181,0.29045306400000004,3.5351,218.3783901926068,137700.0,38.25
154,38.75,0.0177201576,-17.082,-3.2248,0.292153848,3.5416,216.96839019260682,138600.0,38.5
155,39.0,-0.004100779200000001,-17.428,-3.2314,0.293284656,3.5466,215.7083901926068,139500.0,38.75
156,39.25,-0.020703844800000003,-17.755,-3.1921,0.29451604800000003,3.5505,214.3283901926068,140400.0,39.0
157,39.5,-0.031458408,-18.083,-3.1533,0.29581144800000003,3.553,212.8583901926068,141300.0,39.25
158,39.75,-0.032756856,-18.413,-3.1154,0.29658564,3.5531,211.63839019260678,142200.0,39.5
159,40.0,-0.0176415192,-18.744,-3.0781,0.297368976,3.5524,210.40839019260682,143100.0,39.75
160,40.25,0.0118804944,-18.99,-3.2067,0.298161456,3.5512,209.1883901926068,144000.0,40.0
161,40.5,0.057915048000000004,-19.238,-3.3351,0.298752768,3.5492,208.0783901926068,144900.0,40.25
162,40.75,0.11524488000000001,-19.489,-3.4636,0.299749464,3.5469,206.8983901926068,145800.0,40.5
163,41.0,0.174546768,-19.741,-3.592,0.300764448,3.5463,205.6883901926068,146700.0,40.75
164,41.25,0.22662794400000003,-19.756,-3.7881,0.30172152,3.546,204.4583901926068,147600.0,41.0
165,41.5,0.265169904,-19.77,-3.9834,0.30225187200000003,3.5444,203.2883901926068,148500.0,41.25
166,41.75,0.288822384,-19.783,-4.1777,0.30245304,3.5429,202.2083901926068,149400.0,41.5
167,42.0,0.30483048,-19.795,-4.3714,0.302629824,3.5411,201.1483901926068,150300.0,41.75
168,42.25,0.31558992,-19.701,-4.6433,0.302123856,3.5397,200.2683901926068,151200.0,42.0
169,42.5,0.31693104000000005,-19.604,-4.9157,0.301090584,3.54,199.5783901926068,152100.0,42.25
170,42.75,0.3104388,-19.503,-5.1885,0.299895768,3.544,198.96839019260682,153000.0,42.5
171,43.0,0.301596552,-19.4,-5.4615,0.298527216,3.5487,198.4583901926068,153900.0,42.75
172,43.25,0.292967664,-19.508,-5.6489,0.297344592,3.5519,197.9183901926068,154800.0,43.0
173,43.5,0.28691433600000005,-19.622,-5.837,0.296500296,3.5543,197.3283901926068,155700.0,43.25
174,43.75,0.283716984,-19.782,-6.0241,0.296003472,3.5601,196.6583901926068,156600.0,43.5
175,44.0,0.271875504,-19.957,-6.2028,0.295765728,2.6472,195.9183901926068,157500.0,43.75
176,44.25,0.24909170400000002,-20.043,-6.6657,0.29569562400000005,2.6427,195.0983901926068,158400.0,44.0
177,44.5,0.217090752,-20.144,-7.0759,0.295893744,2.6423,194.1083901926068,159300.0,44.25
178,44.75,0.17855488800000002,-20.271,-7.4264,0.29630217600000003,2.6425,192.9783901926068,160200.0,44.5
179,45.0,0.141475968,-20.434,-7.7101,0.297100752,2.6427,191.6783901926068,161100.0,44.75
180,45.25,0.109200696,-20.644,-8.314,0.29794200000000004,2.6434,190.2583901926068,162000.0,45.0
181,45.5,0.081235296,-20.869,-8.8389,0.299048424,2.6439,188.6183901926068,162900.0,45.25
182,45.75,0.05629656,-21.114,-9.2906,0.30038040000000005,2.6442,186.7183901926068,163800.0,45.5
183,46.0,0.034235136,-21.39,-9.6726,0.301590456,2.6451,184.7283901926068,164700.0,45.75
184,46.25,0.0132612384,-21.764,-9.4379,0.30283708800000003,1.6055,182.8483901926068,165600.0,46.0
185,46.5,-0.0042678096,-22.174,-9.1798,0.303696624,1.6218,181.2683901926068,166500.0,46.25
186,46.75,-0.0175540416,-22.621,-8.8977,0.304486056,1.6361,179.9583901926068,167400.0,46.5
187,47.0,-0.035155632,-23.111,-8.5868,0.3054096,1.6503,178.9283901926068,168300.0,46.75
188,47.25,-0.04638446400000001,-23.712,-8.2596,0.3067812,1.6663,178.0383901926068,169200.0,47.0
189,47.5,-0.060158376,-24.355,-7.9079,0.30879288,1.6843,177.3283901926068,170100.0,47.25
190,47.75,-0.07078980000000001,-25.052,-7.5256,0.31156656,1.7107,176.7383901926068,171000.0,47.5
191,48.0,-0.073904856,-25.8,-7.1142,0.31516320000000003,1.7314,176.2483901926068,171900.0,47.75
192,48.25,-0.07008571200000001,-26.53,-6.5424,0.31976568,1.7643,175.8883901926068,172800.0,48.0
193,48.5,-0.059423808,-27.251,-5.9354,0.32467296,1.7881,175.8783901926068,173700.0,48.25
194,48.75,-0.042358056000000005,-27.962,-5.2946,0.33040320000000006,1.8195,176.06839019260678,174600.0,48.5
195,49.0,-0.0219971112,-28.664,-4.6296,0.33622488,1.8482,176.5283901926068,175500.0,48.75
196,49.25,0.00249378216,-29.472,-3.8837,0.34302192,1.8776,177.1083901926068,176400.0,49.0
197,49.5,0.0322326,-30.257,-3.1271,0.35609784,1.9669,178.4683901926068,177300.0,49.25
198,49.75,0.067403472,-31.022,-2.3563,0.36335208,2.0033,179.1683901926068,178200.0,49.5
199,50.0,0.10274198400000001,-31.767,-1.57,0.37737288,2.1084,180.6983901926068,179100.0,49.75
200,50.25,0.13430402400000002,-32.435,-0.64104,0.3849624,2.1477,181.5983901926068,180000.0,50.0
201,50.5,0.1665732,-33.091,0.28151,0.40053768,2.2202,183.56839019260678,180900.0,50.25
202,50.75,0.20180808000000003,-33.737,1.2016,0.40962072000000005,2.265,184.5283901926068,181800.0,50.5
203,51.0,0.244044216,-34.378,2.119,0.42885360000000006,2.3634,186.4283901926068,182700.0,50.75
204,51.25,0.289953192,-34.92,2.9319,0.43927776,2.3995,187.4783901926068,183600.0,51.0
205,51.5,0.33723072000000004,-35.465,3.7604,0.4596384,2.4865,189.6383901926068,184500.0,51.25
206,51.75,0.38688264000000006,-36.013,4.6067,0.48042576000000003,2.5937,191.6583901926068,185400.0,51.5
207,52.0,0.43757088,-36.572,5.475,0.49194720000000003,2.6242,192.7183901926068,186300.0,51.75
208,52.25,0.47490888000000003,-37.123,6.442,0.5156301600000001,2.6812,194.7583901926068,187200.0,52.0
209,52.5,0.5001158400000001,-37.693,7.433,0.5393131200000001,2.7787,196.8783901926068,188100.0,52.25
210,52.75,0.51005232,-38.279,8.4478,0.5645200800000001,2.8704,198.6683901926068,189000.0,52.5
211,53.0,0.51118008,-38.882,9.479,0.57890664,2.8981,199.5483901926068,189900.0,52.75
212,53.25,0.49782984,-39.535,10.527,0.6081369600000001,2.9455,201.1683901926068,190800.0,53.0
213,53.5,0.47689008,-40.19,11.577,0.63739776,3.0142,202.8383901926068,191700.0,53.25
214,53.75,0.44753784,-40.837,12.653,0.66732912,3.134,204.38839019260678,192600.0,53.5
215,54.0,0.40852344,-41.485,13.739,0.6982053600000001,3.1975,205.9183901926068,193500.0,53.75
216,54.25,0.36975288000000006,-41.767,14.975,0.71512176,3.2221,206.69839019260678,194400.0,54.0
217,54.5,0.33622488,-41.979,16.234,0.7337450400000001,3.2464,207.5483901926068,195300.0,54.25
218,54.75,0.3092196,-42.102,17.417,0.76974192,3.3212,209.3983901926068,196200.0,54.5
219,55.0,0.277526496,-42.146,18.443,0.78763368,3.3979,210.31839019260678,197100.0,54.75
220,55.25,0.245050056,-42.144,19.372,0.8051901600000001,3.4557,211.25839019260678,198000.0,55.0
221,55.5,0.205456536,-42.092,20.337,0.82314288,3.4961,212.2283901926068,198900.0,55.25
222,55.75,0.16623487200000003,-41.977,21.363,0.84146136,3.5291,213.1883901926068,199800.0,55.5
223,56.0,0.12860426400000002,-41.816,22.41,0.86023704,3.5577,214.2483901926068,200700.0,55.75
224,56.25,0.092656152,-41.626,23.448,0.8795613600000001,3.5878,215.3583901926068,201600.0,56.0
225,56.5,0.051883056000000004,-41.397,24.497,0.89888568,3.6246,216.5183901926068,202500.0,56.25
226,56.75,0.0156618432,-41.078,25.639,0.9172346400000001,3.6799,217.63839019260678,203400.0,56.5
227,57.0,-0.02100072,-40.726,26.774,0.9348825600000001,3.7646,218.71839019260682,204300.0,56.75
228,57.25,-0.054388512,-40.743,27.633,0.95246952,3.8255,219.7383901926068,205200.0,57.0
229,57.5,-0.08837676,-40.728,28.526,0.9697212000000001,3.8714,220.7083901926068,206100.0,57.25
230,57.75,-0.112815624,-40.614,29.54,0.9868204800000001,3.908,221.6783901926068,207000.0,57.5
231,58.0,-0.130747008,-40.48,30.563,1.0035235200000001,3.9426,222.6783901926068,207900.0,57.75
232,58.25,-0.144136872,-40.329,31.589,1.0199217600000001,3.9764,223.7083901926068,208800.0,58.0
233,58.5,-0.146602704,-40.142,32.644,1.03467408,4.0207,224.6483901926068,209700.0,58.25
234,58.75,-0.133200648,-39.849,33.816,1.049274,4.0883,225.5283901926068,210600.0,58.5
235,59.0,-0.106564176,-39.53,34.999,1.06530648,4.1653,226.3523901926068,211500.0,58.75
236,59.25,-0.065824608,-39.199,36.175,1.08316776,4.2218,227.1553901926068,212400.0,59.0
237,59.5,-0.019746468,-38.869,37.343,1.10301024,4.2674,227.94339019260678,213300.0,59.25
238,59.75,0.030501336000000004,-38.402,38.647,1.12431576,4.3082,228.7283901926068,214200.0,59.5
239,60.0,0.08371332000000001,-37.929,39.944,1.14690144,4.3489,229.5033901926068,215100.0,59.75
240,60.25,0.14520062400000003,-37.998,40.702,1.1706758400000001,4.3944,230.2193901926068,216000.0,60.0
241,60.5,0.20927568000000002,-38.068,41.48,1.1953951200000001,4.4483,230.8773901926068,216900.0,60.25
242,60.75,0.281156664,-38.113,42.316,1.2208763999999999,4.5207,231.46839019260682,217800.0,60.5
243,61.0,0.36039551999999997,-38.093,43.26,1.24779024,4.5792,232.00139019260678,218700.0,60.75
244,61.25,0.45028104,-38.055,44.256,1.27671576,4.6299,232.5163901926068,219600.0,61.0
245,61.5,0.5494020000000001,-38.057,45.243,1.3077748800000002,4.6763,233.01339019260678,220500.0,61.25
246,61.75,0.6480352800000001,-38.096,46.229,1.36303512,4.7688,233.8993901926068,221400.0,61.5
247,62.0,0.74301096,-38.179,47.222,1.3929360000000002,4.8225,234.31839019260678,222300.0,61.75
248,62.25,0.8351824800000001,-38.199,48.279,1.44545304,4.9563,235.04439019260678,223200.0,62.0
249,62.5,0.9262262400000001,-38.127,49.423,1.47392136,5.011,235.3743901926068,224100.0,62.25
250,62.75,1.03842312,-37.962,50.654,1.52652984,5.1056,235.91239019260678,225000.0,62.5
251,63.0,1.1476329600000001,-37.782,51.914,1.575816,5.1883,236.3733901926068,225900.0,62.75
252,63.25,1.2702540000000002,-37.572,53.963,1.6262604,5.2704,236.81939019260682,226800.0,63.0
253,63.5,1.39854432,-37.19,56.252,1.6803014400000003,5.3656,237.1883901926068,227700.0,63.25
254,63.75,1.5416174400000002,-36.495,58.807,1.7372075999999999,5.4911,237.4533901926068,228600.0,63.5
255,64.0,1.70297856,-35.502,61.641,1.7994172800000001,5.5648,237.7073901926068,229500.0,63.75
256,64.25,1.8810427200000002,-34.134,64.653,1.86805824,5.621,237.97239019260678,230400.0,64.0
257,64.5,2.100072,-32.373,67.971,1.95602352,5.6796,238.2883901926068,231300.0,64.25
258,64.75,2.33214672,-29.814,71.595,2.04816456,5.7406,238.7023901926068,232200.0,64.5
259,65.0,2.59040376,-26.45,75.396,2.14819992,5.8213,239.2253901926068,233100.0,64.75
260,65.25,2.85448248,-21.313,79.642,2.25606864,5.9517,239.8123901926068,234000.0,65.0
261,65.5,3.1168848000000002,-14.772,83.654,2.37695232,6.1166,240.6753901926068,234900.0,65.25
262,65.75,3.358896,-6.8464,86.972,2.49853704,6.2407,241.9213901926068,235800.0,65.5
263,66.0,3.5625024000000005,2.4285,88.685,2.6032358400000004,6.3564,243.4063901926068,236700.0,65.75
264,66.25,3.6758880000000005,8.5364,88.117,2.6840688,6.5497,245.18639019260678,237600.0,66.0
265,66.5,3.7402008,15.12,87.024,2.7347570400000003,6.7816,247.1363901926068,238500.0,66.25
266,66.75,3.7304472000000004,21.179,85.551,2.76142704,6.9581,249.48539019260681,239400.0,66.5
267,67.0,3.6630864000000005,27.309,83.262,2.75923248,7.1451,251.8373901926068,240300.0,66.75
268,67.25,3.5140392,35.096,78.962,2.72603976,7.3596,254.1793901926068,241200.0,67.0
269,67.5,3.3305496,42.141,73.59,2.66779248,7.5138,256.56439019260677,242100.0,67.25
270,67.75,3.1150560000000005,48.252,67.727,2.5918668000000005,7.6493,259.4773901926068,243000.0,67.5
271,68.0,2.9078834400000004,53.603,61.49,2.50838208,7.7658,263.0983901926068,243900.0,67.75
272,68.25,2.7055267200000004,57.719,54.762,2.42614704,7.8557,266.7173901926068,244800.0,68.0
273,68.5,2.52093984,61.345,48.311,2.3480268,7.9253,270.00439019260676,245700.0,68.25
274,68.75,2.3499775200000004,64.967,42.516,2.275332,7.9784,273.14139019260676,246600.0,68.5
275,69.0,2.1893174400000004,68.762,37.407,2.21114112,7.992,275.7093901926068,247500.0,68.75
276,69.25,1.99976232,70.052,31.105,2.1435669600000002,7.9834,277.7713901926068,248400.0,69.0
277,69.5,1.7778679200000003,68.904,25.021,2.0600212800000004,7.967,279.47539019260677,249300.0,69.25
278,69.75,1.55640024,66.292,19.479,1.96467984,7.9395,280.9453901926068,250200.0,69.5
279,70.0,1.3593775200000002,63.457,14.672,1.87296552,7.906,282.2143901926068,251100.0,69.75
280,70.25,1.19134128,60.8,10.622,1.79594256,7.8795,283.1353901926068,252000.0,70.0
281,70.5,1.04293416,58.431,7.282,1.72617384,7.8585,284.0223901926068,252900.0,70.25
282,70.75,0.9218371200000001,56.132,4.6565,1.6660063200000002,7.8414,284.9063901926068,253800.0,70.5
283,71.0,0.8136026399999999,53.823,2.7278,1.6176650399999999,7.837,285.55739019260676,254700.0,70.75
284,71.25,0.72182736,51.623,1.1144,1.57197552,7.8436,286.09539019260677,255600.0,71.0
285,71.5,0.6366967200000001,49.574,-0.26873,1.5316504800000001,7.8504,286.5683901926068,256500.0,71.25
286,71.75,0.56957976,47.679,-1.6674,1.4965680000000001,7.8642,286.9963901926068,257400.0,71.5
287,72.0,0.51029616,45.922,-2.9469,1.4665756800000003,7.8819,287.4133901926068,258300.0,71.75
288,72.25,0.46893480000000004,44.977,-4.4113,1.44194784,7.9044,287.8273901926068,259200.0,72.0
289,72.5,0.42876216000000006,44.306,-5.7412,1.42183104,7.9285,288.2233901926068,260100.0,72.25
290,72.75,0.40395144,43.745,-6.9443,1.40534136,7.9593,288.6303901926068,261000.0,72.5
291,73.0,0.38093904,43.242,-8.021,1.39238736,7.9899,289.0323901926068,261900.0,72.75
292,73.25,0.36670488,42.664,-9.0036,1.38193272,8.0073,289.4313901926068,262800.0,73.0
293,73.5,0.3464052,41.971,-9.8808,1.37239248,8.024,289.8633901926068,263700.0,73.25
294,73.75,0.33957768000000005,41.12,-10.635,1.36650984,8.0322,290.0563901926068,264600.0,73.5
295,74.0,0.33936432,40.153,-11.263,1.358646,8.0439,290.3643901926068,265500.0,73.75
296,74.25,0.35466528,39.129,-11.776,1.35657336,8.0477,290.49939019260677,266400.0,74.0
297,74.5,0.3805428,38.12,-12.182,1.35584184,8.0503,290.7413901926068,267300.0,74.25
298,74.75,0.42126408000000004,37.236,-12.52,1.3591032,8.0485,290.8833901926068,268200.0,74.5
299,75.0,0.4727448,36.612,-12.852,1.3657478400000003,8.0447,291.05739019260676,269100.0,74.75
300,75.25,0.52739544,36.965,-13.431,1.37522712,8.0396,291.29039019260676,270000.0,75.0
301,75.5,0.5884773600000001,37.421,-13.986,1.38696192,8.0325,291.5823901926068,270900.0,75.25
302,75.75,0.64364616,37.836,-14.471,1.39973304,8.0248,291.9193901926068,271800.0,75.5
303,76.0,0.69421248,38.116,-14.862,1.41192504,8.0162,292.2583901926068,272700.0,75.75
304,76.25,0.7269175200000001,38.199,-15.136,1.4225016,8.0057,292.5783901926068,273600.0,76.0
305,76.5,0.7527036,38.076,-15.281,1.43051784,7.9936,292.8353901926068,274500.0,76.25
306,76.75,0.76669392,37.756,-15.293,1.43585184,7.9682,293.02839019260676,275400.0,76.5
307,77.0,0.7913827200000001,37.271,-15.214,1.43978376,7.9387,293.1903901926068,276300.0,76.75
308,77.25,0.8102498400000001,36.647,-15.075,1.44286224,7.9058,293.3223901926068,277200.0,77.0
309,77.5,0.84069936,35.936,-14.863,1.4453616,7.8728,293.4423901926068,278100.0,77.25
310,77.75,0.86264496,35.163,-14.571,1.4473428000000002,7.8398,293.5563901926068,279000.0,77.5
311,78.0,0.879348,34.4,-14.21,1.4478609600000003,7.8081,293.6463901926068,279900.0,77.75
312,78.25,0.8812072799999999,34.131,-13.972,1.44676368,7.7781,293.7383901926068,280800.0,78.0
313,78.5,0.87910416,33.92,-13.77,1.44423384,7.7501,293.8243901926068,281700.0,78.25
314,78.75,0.85993224,33.776,-13.613,1.4400276,7.7239,293.9053901926068,282600.0,78.5
315,79.0,0.83792568,33.65,-13.47,1.4340840000000001,7.6984,293.9713901926068,283500.0,78.75
316,79.25,0.7999476,33.451,-13.298,1.42664688,7.6744,294.03539019260677,284400.0,79.0
317,79.5,0.75459336,33.123,-13.102,1.41704568,7.6511,294.0863901926068,285300.0,79.25
318,79.75,0.6968947200000001,32.661,-12.926,1.40515848,7.6288,294.1093901926068,286200.0,79.5
319,80.0,0.63410592,32.083,-12.728,1.3907414400000002,7.6076,294.08839019260677,287100.0,79.75
320,80.25,0.5651296800000001,31.429,-12.481,1.3738860000000002,7.5883,294.01639019260676,288000.0,80.0
321,80.5,0.4953,30.707,-12.191,1.35477504,7.57,293.8813901926068,288900.0,80.25
322,80.75,0.42577512,29.932,-11.903,1.33453632,7.5522,293.7223901926068,289800.0,80.5
323,81.0,0.35874960000000006,29.159,-11.613,1.31411472,7.5336,293.5863901926068,290700.0,80.75
324,81.25,0.294320976,28.458,-11.701,1.29396744,7.5141,293.4743901926068,291600.0,81.0
325,81.5,0.233961432,27.737,-11.879,1.2741249600000002,7.4939,293.3933901926068,292500.0,81.25
326,81.75,0.175988472,26.989,-12.168,1.2544958400000001,7.4732,293.31939019260676,293400.0,81.5
327,82.0,0.12206325600000001,26.172,-12.506,1.2352934400000002,7.4516,293.2483901926068,294300.0,81.75
328,82.25,0.07164324000000001,25.814,-12.454,1.2169749600000002,7.4297,293.2033901926068,295200.0,82.0
329,82.5,0.0193612008,25.383,-12.359,1.1993880000000001,7.4077,293.1673901926068,296100.0,82.25
330,82.75,-0.0286411416,24.871,-12.227,1.1821363200000001,7.3854,293.1263901926068,297000.0,82.5
331,83.0,-0.076084176,24.303,-12.061,1.1652504000000001,7.3626,293.0873901926068,297900.0,82.75
332,83.25,-0.127001016,23.889,-12.064,1.1481816,7.3392,293.0363901926068,298800.0,83.0
333,83.5,-0.17756733600000002,23.488,-12.077,1.13092992,7.3154,292.9763901926068,299700.0,83.25
334,83.75,-0.225908616,23.122,-12.116,1.1138916,7.291,292.9133901926068,300600.0,83.5
335,84.0,-0.25935736800000003,22.811,-12.188,1.09825536,7.2653,292.86239019260677,301500.0,83.75
336,84.25,-0.289855656,22.691,-12.327,1.0844479200000001,7.1976,292.8373901926068,302400.0,84.0
337,84.5,-0.30513528000000006,22.609,-12.462,1.07277408,7.1375,292.85039019260677,303300.0,84.25
338,84.75,-0.30854904,22.557,-12.599,1.06356912,7.085,292.8953901926068,304200.0,84.5
339,85.0,-0.30912816,22.518,-12.727,1.05616248,7.0387,292.9723901926068,305100.0,84.75
340,85.25,-0.30462931200000004,22.303,-12.615,1.04967024,6.9975,293.0483901926068,306000.0,85.0
341,85.5,-0.29330904,22.065,-12.461,1.0440314400000001,6.9625,293.12439019260677,306900.0,85.25
342,85.75,-0.282208224,21.809,-12.264,1.03894128,6.9323,293.2103901926068,307800.0,85.5
343,86.0,-0.26321004000000003,21.539,-12.029,1.03421688,6.9062,293.2963901926068,308700.0,85.75
344,86.25,-0.23320248000000002,21.308,-12.222,1.03043736,6.8837,293.4233901926068,309600.0,86.0
345,86.5,-0.191252856,21.09,-12.426,1.0274808,6.8644,293.5943901926068,310500.0,86.25
346,86.75,-0.14596262399999999,20.897,-12.638,1.02489,6.8478,293.8253901926068,311400.0,86.5
347,87.0,-0.08938564800000001,20.744,-12.87,1.0222077600000001,6.8337,294.1073901926068,312300.0,86.75
348,87.25,-0.035975544,20.471,-13.358,1.0191597600000002,6.8226,294.4413901926068,313200.0,87.0
349,87.5,0.0228136704,20.177,-13.851,1.01534976,6.8145,294.8063901926068,314100.0,87.25
350,87.75,0.075175872,19.854,-14.343,1.01089968,6.8077,295.1633901926068,315000.0,87.5
351,88.0,0.132789168,19.499,-14.837,1.00587048,6.8012,295.5203901926068,315900.0,87.75
352,88.25,0.18295924800000002,19.079,-15.249,1.0002012,6.7942,295.8423901926068,316800.0,88.0
353,88.5,0.235546392,18.637,-15.663,0.9943795200000001,6.7882,296.1803901926068,317700.0,88.25
354,88.75,0.27968448,18.18,-16.082,0.9881616000000001,6.7823,296.4723901926068,318600.0,88.5
355,89.0,0.31900368,17.718,-16.508,0.9819436800000001,6.7769,296.7683901926068,319500.0,88.75
356,89.25,0.34835592000000004,17.16,-16.763,0.9759391200000002,6.7726,297.05239019260677,320400.0,89.0
357,89.5,0.37014912,16.6,-17.019,0.9694468800000001,6.7703,297.2743901926068,321300.0,89.25
358,89.75,0.38005511999999997,16.035,-17.273,0.96261936,6.7706,297.4903901926068,322200.0,89.5
359,90.0,0.37868352,15.467,-17.517,0.9553346400000001,6.7737,297.6743901926068,323100.0,89.75
360,90.25,0.37365432000000004,14.665,-17.575,0.94753176,6.7791,297.7943901926068,324000.0,90.0
361,90.5,0.36399216,13.826,-17.6,0.9393021600000001,6.7863,297.87439019260677,324900.0,90.25
362,90.75,0.34698432000000007,12.96,-17.604,0.9305239200000001,6.7955,297.8953901926068,325800.0,90.5
363,91.0,0.33089088,12.077,-17.596,0.9217152000000001,6.8061,297.90339019260676,326700.0,90.75
364,91.25,0.31254192000000003,11.199,-17.631,0.91296744,6.8178,297.9163901926068,327600.0,91.0
365,91.5,0.287840928,10.327,-17.644,0.9039758400000001,6.8317,297.9003901926068,328500.0,91.25
366,91.75,0.2604516,9.4596,-17.628,0.89470992,6.8476,297.86239019260677,329400.0,91.5
367,92.0,0.225933,8.58,-17.589,0.88526112,6.8664,297.8363901926068,330300.0,91.75
368,92.25,0.18868339200000003,8.711,-17.471,0.87550752,6.8882,297.79739019260677,331200.0,92.0
369,92.5,0.14872716,8.8415,-17.355,0.86581488,6.9121,297.7913901926068,332100.0,92.25
370,92.75,0.11081918400000002,8.9717,-17.238,0.8560612800000001,6.9376,297.7863901926068,333000.0,92.5
371,93.0,0.074727816,9.1013,-17.121,0.846582,6.9635,297.8253901926068,333900.0,92.75
372,93.25,0.041906952000000004,8.4405,-15.881,0.83664552,6.9891,297.83339019260677,334800.0,93.0
373,93.5,0.0169904664,7.7833,-14.647,0.8168030400000001,7.0361,297.7883901926068,335700.0,93.25
374,93.75,0.00035929824000000005,7.1304,-13.422,0.7960156800000001,7.0677,297.6763901926068,336600.0,93.5
375,94.0,-0.0068287392,6.483,-12.208,0.77467968,7.0751,297.4783901926068,337500.0,93.75
376,94.25,-0.007142073600000001,6.5356,-12.428,0.76349352,7.0702,297.3283901926068,338400.0,94.0
377,94.5,0.00171111672,6.589,-12.651,0.7533436800000001,7.0601,297.2813901926068,339300.0,94.25
378,94.75,0.0111486696,6.6429,-12.876,0.74395584,7.0479,297.2913901926068,340200.0,94.5
379,95.0,0.0244605048,6.6974,-13.103,0.73551288,7.0354,297.3803901926068,341100.0,94.75
380,95.25,0.042513504,6.2015,-13.13,0.72697848,7.0246,297.42739019260677,342000.0,95.0
381,95.5,0.048530256,5.7044,-13.144,0.7182612,7.0177,297.4263901926068,342900.0,95.25
382,95.75,0.054245256,5.2073,-13.146,0.7096048800000001,7.0142,297.39839019260677,343800.0,95.5
